{"batch_size": 100, "learning_rate": 4.9767287666842685e-05, "mc_size": 90, "reg_w": 0.16016678420421654, "scale": 1.776982323833887e-05, "verbose": true}