{"batch_size": 100, "learning_rate": 6.62597240053545e-05, "mc_size": 20, "reg_w": 1.352304016950632, "scale": 0.0009234466417636669, "verbose": true}