{"batch_size": 50, "learning_rate": 6.401008037907921e-05, "mc_size": 90, "reg_w": 0.0004940696132160621, "scale": 0.09220434822596878, "verbose": true}