{"batch_size": 50, "learning_rate": 0.0007301379596098228, "mc_size": 10, "reg_w": 0.29011621394403475, "scale": 0.04326978348152519, "verbose": true}