{"batch_size": 50, "learning_rate": 0.0009888699901777853, "mc_size": 10, "reg_w": 0.0012801870355088388, "scale": 1.717946823203167e-05, "verbose": true}