{"batch_size": 100, "learning_rate": 0.00015462606571468336, "mc_size": 70, "reg_w": 0.5944481798988055, "scale": 0.000687671933749856, "verbose": true}