{"batch_size": 25, "learning_rate": 0.0021858644200345497, "mc_size": 20, "reg_w": 16.821979884197468, "scale": 1.4380565477406874e-06, "verbose": true}