{"batch_size": 75, "learning_rate": 4.806899305724829e-05, "mc_size": 50, "reg_w": 2.940795076363836e-05, "scale": 0.7029473082175286, "verbose": true}